Variable / Field Name,Form Name,Section Header,Unnamed: 3,Item Header,Unnamed: 5,Field Label,"Choices, Calculations, OR Slider Labels",Field Type,Unnamed: 9,Unnamed: 10,Text Validation Min,Text Validation Max,Unnamed: 13,Unnamed: 14,Form Display Name
2790,qr19,"Following is a list of items that describe people. For each item, please pick the answer to describe yourself over the past 6 months. Please answer all items as well as you can, even if some do not seem to apply to you.","Following is a list of items that describe people. For each item, please pick the answer to describe yourself over the past 6 months. Please answer all items as well as you can, even if some do not seem to apply to you.",,,Is too forgetful,"0=Not true (as far as you know), 1=Somewhat or sometimes true, 2=Very true or often true",1,1,0,oo,2,,,Adult Self Report: Age 18-59
2791,qr19,"Following is a list of items that describe people. For each item, please pick the answer to describe yourself over the past 6 months. Please answer all items as well as you can, even if some do not seem to apply to you.","Following is a list of items that describe people. For each item, please pick the answer to describe yourself over the past 6 months. Please answer all items as well as you can, even if some do not seem to apply to you.",,,Makes good use of his/her opportunities,"0=Not true (as far as you know), 1=Somewhat or sometimes true, 2=Very true or often true",1,1,0,0,oo,,,Adult Self Report: Age 18-59
2792,qr19,"Following is a list of items that describe people. For each item, please pick the answer to describe yourself over the past 6 months. Please answer all items as well as you can, even if some do not seem to apply to you.","Following is a list of items that describe people. For each item, please pick the answer to describe yourself over the past 6 months. Please answer all items as well as you can, even if some do not seem to apply to you.",,,Argues a lot,"0=Not true (as far as you know), 1=Somewhat or sometimes true, 2=Very true or often true",1,1,0,oo,2,,,Adult Self Report: Age 18-59
2793,qr19,"Following is a list of items that describe people. For each item, please pick the answer to describe yourself over the past 6 months. Please answer all items as well as you can, even if some do not seem to apply to you.","Following is a list of items that describe people. For each item, please pick the answer to describe yourself over the past 6 months. Please answer all items as well as you can, even if some do not seem to apply to you.",,,Works upto ability,"0=Not true (as far as you know), 1=Somewhat or sometimes true, 2=Very true or often true",1,1,0,0,oo,,,Adult Self Report: Age 18-59
2794,qr19,"Following is a list of items that describe people. For each item, please pick the answer to describe yourself over the past 6 months. Please answer all items as well as you can, even if some do not seem to apply to you.","Following is a list of items that describe people. For each item, please pick the answer to describe yourself over the past 6 months. Please answer all items as well as you can, even if some do not seem to apply to you.",,,Blames others for own problems,"0=Not true (as far as you know), 1=Somewhat or sometimes true, 2=Very true or often true",1,1,0,oo,2,,,Adult Self Report: Age 18-59
2795,qr19,"Following is a list of items that describe people. For each item, please pick the answer to describe yourself over the past 6 months. Please answer all items as well as you can, even if some do not seem to apply to you.","Following is a list of items that describe people. For each item, please pick the answer to describe yourself over the past 6 months. Please answer all items as well as you can, even if some do not seem to apply to you.",,,Uses drugs (other than alcohol or nicotine) for nonmedical purposes (describe):,"0=Not true (as far as you know), 1=Somewhat or sometimes true, 2=Very true or often true",1,1,0,oo,2,,,Adult Self Report: Age 18-59
2796,qr19,"Following is a list of items that describe people. For each item, please pick the answer to describe yourself over the past 6 months. Please answer all items as well as you can, even if some do not seem to apply to you.","Following is a list of items that describe people. For each item, please pick the answer to describe yourself over the past 6 months. Please answer all items as well as you can, even if some do not seem to apply to you.",,,"Bragging, boasting","0=Not true (as far as you know), 1=Somewhat or sometimes true, 2=Very true or often true",1,1,0,oo,2,,,Adult Self Report: Age 18-59
2797,qr19,"Following is a list of items that describe people. For each item, please pick the answer to describe yourself over the past 6 months. Please answer all items as well as you can, even if some do not seem to apply to you.","Following is a list of items that describe people. For each item, please pick the answer to describe yourself over the past 6 months. Please answer all items as well as you can, even if some do not seem to apply to you.",,,"Can't concentrate, can't pay attention for long","0=Not true (as far as you know), 1=Somewhat or sometimes true, 2=Very true or often true",1,1,0,oo,2,,,Adult Self Report: Age 18-59
2798,qr19,"Following is a list of items that describe people. For each item, please pick the answer to describe yourself over the past 6 months. Please answer all items as well as you can, even if some do not seem to apply to you.","Following is a list of items that describe people. For each item, please pick the answer to describe yourself over the past 6 months. Please answer all items as well as you can, even if some do not seem to apply to you.",,,Can't get his/her mind off certain thoughts; obsessions,"0=Not true (as far as you know), 1=Somewhat or sometimes true, 2=Very true or often true",1,1,0,oo,2,,,Adult Self Report: Age 18-59
2799,qr19,"Following is a list of items that describe people. For each item, please pick the answer to describe yourself over the past 6 months. Please answer all items as well as you can, even if some do not seem to apply to you.","Following is a list of items that describe people. For each item, please pick the answer to describe yourself over the past 6 months. Please answer all items as well as you can, even if some do not seem to apply to you.",,,"Can't sit still, restless or hyperactive","0=Not true (as far as you know), 1=Somewhat or sometimes true, 2=Very true or often true",1,1,0,oo,2,,,Adult Self Report: Age 18-59
2800,qr19,"Following is a list of items that describe people. For each item, please pick the answer to describe yourself over the past 6 months. Please answer all items as well as you can, even if some do not seem to apply to you.","Following is a list of items that describe people. For each item, please pick the answer to describe yourself over the past 6 months. Please answer all items as well as you can, even if some do not seem to apply to you.",,,Too dependent on others,"0=Not true (as far as you know), 1=Somewhat or sometimes true, 2=Very true or often true",1,1,0,oo,2,,,Adult Self Report: Age 18-59
2801,qr19,"Following is a list of items that describe people. For each item, please pick the answer to describe yourself over the past 6 months. Please answer all items as well as you can, even if some do not seem to apply to you.","Following is a list of items that describe people. For each item, please pick the answer to describe yourself over the past 6 months. Please answer all items as well as you can, even if some do not seem to apply to you.",,,Complains of loneliness,"0=Not true (as far as you know), 1=Somewhat or sometimes true, 2=Very true or often true",1,1,0,oo,2,,,Adult Self Report: Age 18-59
2802,qr19,"Following is a list of items that describe people. For each item, please pick the answer to describe yourself over the past 6 months. Please answer all items as well as you can, even if some do not seem to apply to you.","Following is a list of items that describe people. For each item, please pick the answer to describe yourself over the past 6 months. Please answer all items as well as you can, even if some do not seem to apply to you.",,,Confused or seems to be in a fog,"0=Not true (as far as you know), 1=Somewhat or sometimes true, 2=Very true or often true",1,1,0,oo,2,,,Adult Self Report: Age 18-59
2803,qr19,"Following is a list of items that describe people. For each item, please pick the answer to describe yourself over the past 6 months. Please answer all items as well as you can, even if some do not seem to apply to you.","Following is a list of items that describe people. For each item, please pick the answer to describe yourself over the past 6 months. Please answer all items as well as you can, even if some do not seem to apply to you.",,,Cries a lot,"0=Not true (as far as you know), 1=Somewhat or sometimes true, 2=Very true or often true",1,1,0,oo,2,,,Adult Self Report: Age 18-59
2804,qr19,"Following is a list of items that describe people. For each item, please pick the answer to describe yourself over the past 6 months. Please answer all items as well as you can, even if some do not seem to apply to you.","Following is a list of items that describe people. For each item, please pick the answer to describe yourself over the past 6 months. Please answer all items as well as you can, even if some do not seem to apply to you.",,,Is pretty honest,"0=Not true (as far as you know), 1=Somewhat or sometimes true, 2=Very true or often true",1,1,0,0,oo,,,Adult Self Report: Age 18-59
2805,qr19,"Following is a list of items that describe people. For each item, please pick the answer to describe yourself over the past 6 months. Please answer all items as well as you can, even if some do not seem to apply to you.","Following is a list of items that describe people. For each item, please pick the answer to describe yourself over the past 6 months. Please answer all items as well as you can, even if some do not seem to apply to you.",,,"Cruelty, bullying, or meanness to others","0=Not true (as far as you know), 1=Somewhat or sometimes true, 2=Very true or often true",1,1,0,oo,2,,,Adult Self Report: Age 18-59
2806,qr19,"Following is a list of items that describe people. For each item, please pick the answer to describe yourself over the past 6 months. Please answer all items as well as you can, even if some do not seem to apply to you.","Following is a list of items that describe people. For each item, please pick the answer to describe yourself over the past 6 months. Please answer all items as well as you can, even if some do not seem to apply to you.",,,Daydreams or gets lost in his/her thoughts,"0=Not true (as far as you know), 1=Somewhat or sometimes true, 2=Very true or often true",1,1,0,oo,2,,,Adult Self Report: Age 18-59
2807,qr19,"Following is a list of items that describe people. For each item, please pick the answer to describe yourself over the past 6 months. Please answer all items as well as you can, even if some do not seem to apply to you.","Following is a list of items that describe people. For each item, please pick the answer to describe yourself over the past 6 months. Please answer all items as well as you can, even if some do not seem to apply to you.",,,Deliberately harms self or attempts suicide,"0=Not true (as far as you know), 1=Somewhat or sometimes true, 2=Very true or often true",1,1,0,oo,2,,,Adult Self Report: Age 18-59
2808,qr19,"Following is a list of items that describe people. For each item, please pick the answer to describe yourself over the past 6 months. Please answer all items as well as you can, even if some do not seem to apply to you.","Following is a list of items that describe people. For each item, please pick the answer to describe yourself over the past 6 months. Please answer all items as well as you can, even if some do not seem to apply to you.",,,Demands a lot of attention,"0=Not true (as far as you know), 1=Somewhat or sometimes true, 2=Very true or often true",1,1,0,oo,2,,,Adult Self Report: Age 18-59
2809,qr19,"Following is a list of items that describe people. For each item, please pick the answer to describe yourself over the past 6 months. Please answer all items as well as you can, even if some do not seem to apply to you.","Following is a list of items that describe people. For each item, please pick the answer to describe yourself over the past 6 months. Please answer all items as well as you can, even if some do not seem to apply to you.",,,Destroys his/her own things,"0=Not true (as far as you know), 1=Somewhat or sometimes true, 2=Very true or often true",1,1,0,oo,2,,,Adult Self Report: Age 18-59
2810,qr19,"Following is a list of items that describe people. For each item, please pick the answer to describe yourself over the past 6 months. Please answer all items as well as you can, even if some do not seem to apply to you.","Following is a list of items that describe people. For each item, please pick the answer to describe yourself over the past 6 months. Please answer all items as well as you can, even if some do not seem to apply to you.",,,Damages or Destroys things belonging to others,"0=Not true (as far as you know), 1=Somewhat or sometimes true, 2=Very true or often true",1,1,0,oo,2,,,Adult Self Report: Age 18-59
2811,qr19,"Following is a list of items that describe people. For each item, please pick the answer to describe yourself over the past 6 months. Please answer all items as well as you can, even if some do not seem to apply to you.","Following is a list of items that describe people. For each item, please pick the answer to describe yourself over the past 6 months. Please answer all items as well as you can, even if some do not seem to apply to you.",,,Worries about his/her future,"0=Not true (as far as you know), 1=Somewhat or sometimes true, 2=Very true or often true",1,1,0,oo,2,,,Adult Self Report: Age 18-59
2812,qr19,"Following is a list of items that describe people. For each item, please pick the answer to describe yourself over the past 6 months. Please answer all items as well as you can, even if some do not seem to apply to you.","Following is a list of items that describe people. For each item, please pick the answer to describe yourself over the past 6 months. Please answer all items as well as you can, even if some do not seem to apply to you.",,,Breaks rules at work or elsewhere,"0=Not true (as far as you know), 1=Somewhat or sometimes true, 2=Very true or often true",1,1,0,oo,2,,,Adult Self Report: Age 18-59
2813,qr19,"Following is a list of items that describe people. For each item, please pick the answer to describe yourself over the past 6 months. Please answer all items as well as you can, even if some do not seem to apply to you.","Following is a list of items that describe people. For each item, please pick the answer to describe yourself over the past 6 months. Please answer all items as well as you can, even if some do not seem to apply to you.",,,Doesn't eat well,"0=Not true (as far as you know), 1=Somewhat or sometimes true, 2=Very true or often true",1,1,0,oo,2,,,Adult Self Report: Age 18-59
2814,qr19,"Following is a list of items that describe people. For each item, please pick the answer to describe yourself over the past 6 months. Please answer all items as well as you can, even if some do not seem to apply to you.","Following is a list of items that describe people. For each item, please pick the answer to describe yourself over the past 6 months. Please answer all items as well as you can, even if some do not seem to apply to you.",,,Doesn't get along well with other people,"0=Not true (as far as you know), 1=Somewhat or sometimes true, 2=Very true or often true",1,1,0,oo,2,,,Adult Self Report: Age 18-59
2815,qr19,"Following is a list of items that describe people. For each item, please pick the answer to describe yourself over the past 6 months. Please answer all items as well as you can, even if some do not seem to apply to you.","Following is a list of items that describe people. For each item, please pick the answer to describe yourself over the past 6 months. Please answer all items as well as you can, even if some do not seem to apply to you.",,,Doesn't seem to feel guilty after misbehaving,"0=Not true (as far as you know), 1=Somewhat or sometimes true, 2=Very true or often true",1,1,0,oo,2,,,Adult Self Report: Age 18-59
2816,qr19,"Following is a list of items that describe people. For each item, please pick the answer to describe yourself over the past 6 months. Please answer all items as well as you can, even if some do not seem to apply to you.","Following is a list of items that describe people. For each item, please pick the answer to describe yourself over the past 6 months. Please answer all items as well as you can, even if some do not seem to apply to you.",,,Easily jealous,"0=Not true (as far as you know), 1=Somewhat or sometimes true, 2=Very true or often true",1,1,0,oo,2,,,Adult Self Report: Age 18-59
2817,qr19,"Following is a list of items that describe people. For each item, please pick the answer to describe yourself over the past 6 months. Please answer all items as well as you can, even if some do not seem to apply to you.","Following is a list of items that describe people. For each item, please pick the answer to describe yourself over the past 6 months. Please answer all items as well as you can, even if some do not seem to apply to you.",,,Gets along badly with family,"0=Not true (as far as you know), 1=Somewhat or sometimes true, 2=Very true or often true",1,1,0,oo,2,,,Adult Self Report: Age 18-59
2818,qr19,"Following is a list of items that describe people. For each item, please pick the answer to describe yourself over the past 6 months. Please answer all items as well as you can, even if some do not seem to apply to you.","Following is a list of items that describe people. For each item, please pick the answer to describe yourself over the past 6 months. Please answer all items as well as you can, even if some do not seem to apply to you.",,,"Fears certain animals, situations, or places (describe):","0=Not true (as far as you know), 1=Somewhat or sometimes true, 2=Very true or often true",1,1,0,oo,2,,,Adult Self Report: Age 18-59
2819,qr19,"Following is a list of items that describe people. For each item, please pick the answer to describe yourself over the past 6 months. Please answer all items as well as you can, even if some do not seem to apply to you.","Following is a list of items that describe people. For each item, please pick the answer to describe yourself over the past 6 months. Please answer all items as well as you can, even if some do not seem to apply to you.",,,Poor relations with opposite sex,"0=Not true (as far as you know), 1=Somewhat or sometimes true, 2=Very true or often true",1,1,0,oo,2,,,Adult Self Report: Age 18-59
2820,qr19,"Following is a list of items that describe people. For each item, please pick the answer to describe yourself over the past 6 months. Please answer all items as well as you can, even if some do not seem to apply to you.","Following is a list of items that describe people. For each item, please pick the answer to describe yourself over the past 6 months. Please answer all items as well as you can, even if some do not seem to apply to you.",,,Fears he/she might think or do something bad,"0=Not true (as far as you know), 1=Somewhat or sometimes true, 2=Very true or often true",1,1,0,oo,2,,,Adult Self Report: Age 18-59
2821,qr19,"Following is a list of items that describe people. For each item, please pick the answer to describe yourself over the past 6 months. Please answer all items as well as you can, even if some do not seem to apply to you.","Following is a list of items that describe people. For each item, please pick the answer to describe yourself over the past 6 months. Please answer all items as well as you can, even if some do not seem to apply to you.",,,Feels he/she has to be perfect,"0=Not true (as far as you know), 1=Somewhat or sometimes true, 2=Very true or often true",1,1,0,oo,2,,,Adult Self Report: Age 18-59
2822,qr19,"Following is a list of items that describe people. For each item, please pick the answer to describe yourself over the past 6 months. Please answer all items as well as you can, even if some do not seem to apply to you.","Following is a list of items that describe people. For each item, please pick the answer to describe yourself over the past 6 months. Please answer all items as well as you can, even if some do not seem to apply to you.",,,Feels or complains that no one loves him/her,"0=Not true (as far as you know), 1=Somewhat or sometimes true, 2=Very true or often true",1,1,0,oo,2,,,Adult Self Report: Age 18-59
2823,qr19,"Following is a list of items that describe people. For each item, please pick the answer to describe yourself over the past 6 months. Please answer all items as well as you can, even if some do not seem to apply to you.","Following is a list of items that describe people. For each item, please pick the answer to describe yourself over the past 6 months. Please answer all items as well as you can, even if some do not seem to apply to you.",,,Feels others are out to get him/her,"0=Not true (as far as you know), 1=Somewhat or sometimes true, 2=Very true or often true",1,1,0,oo,2,,,Adult Self Report: Age 18-59
2824,qr19,"Following is a list of items that describe people. For each item, please pick the answer to describe yourself over the past 6 months. Please answer all items as well as you can, even if some do not seem to apply to you.","Following is a list of items that describe people. For each item, please pick the answer to describe yourself over the past 6 months. Please answer all items as well as you can, even if some do not seem to apply to you.",,,Feels worthless or inferior,"0=Not true (as far as you know), 1=Somewhat or sometimes true, 2=Very true or often true",1,1,0,oo,2,,,Adult Self Report: Age 18-59
2825,qr19,"Following is a list of items that describe people. For each item, please pick the answer to describe yourself over the past 6 months. Please answer all items as well as you can, even if some do not seem to apply to you.","Following is a list of items that describe people. For each item, please pick the answer to describe yourself over the past 6 months. Please answer all items as well as you can, even if some do not seem to apply to you.",,,"Gets hurt a lot, accident-prone","0=Not true (as far as you know), 1=Somewhat or sometimes true, 2=Very true or often true",1,1,0,oo,2,,,Adult Self Report: Age 18-59
2826,qr19,"Following is a list of items that describe people. For each item, please pick the answer to describe yourself over the past 6 months. Please answer all items as well as you can, even if some do not seem to apply to you.","Following is a list of items that describe people. For each item, please pick the answer to describe yourself over the past 6 months. Please answer all items as well as you can, even if some do not seem to apply to you.",,,Gets in many fights,"0=Not true (as far as you know), 1=Somewhat or sometimes true, 2=Very true or often true",1,1,0,oo,2,,,Adult Self Report: Age 18-59
2827,qr19,"Following is a list of items that describe people. For each item, please pick the answer to describe yourself over the past 6 months. Please answer all items as well as you can, even if some do not seem to apply to you.","Following is a list of items that describe people. For each item, please pick the answer to describe yourself over the past 6 months. Please answer all items as well as you can, even if some do not seem to apply to you.",,,His/her relations with neighbors are poor,"0=Not true (as far as you know), 1=Somewhat or sometimes true, 2=Very true or often true",1,1,0,oo,2,,,Adult Self Report: Age 18-59
2828,qr19,"Following is a list of items that describe people. For each item, please pick the answer to describe yourself over the past 6 months. Please answer all items as well as you can, even if some do not seem to apply to you.","Following is a list of items that describe people. For each item, please pick the answer to describe yourself over the past 6 months. Please answer all items as well as you can, even if some do not seem to apply to you.",,,Hangs around with others who get in trouble,"0=Not true (as far as you know), 1=Somewhat or sometimes true, 2=Very true or often true",1,1,0,oo,2,,,Adult Self Report: Age 18-59
2829,qr19,"Following is a list of items that describe people. For each item, please pick the answer to describe yourself over the past 6 months. Please answer all items as well as you can, even if some do not seem to apply to you.","Following is a list of items that describe people. For each item, please pick the answer to describe yourself over the past 6 months. Please answer all items as well as you can, even if some do not seem to apply to you.",,,Hears sounds or voices that aren't there (describe):,"0=Not true (as far as you know), 1=Somewhat or sometimes true, 2=Very true or often true",1,1,0,oo,2,,,Adult Self Report: Age 18-59
2830,qr19,"Following is a list of items that describe people. For each item, please pick the answer to describe yourself over the past 6 months. Please answer all items as well as you can, even if some do not seem to apply to you.","Following is a list of items that describe people. For each item, please pick the answer to describe yourself over the past 6 months. Please answer all items as well as you can, even if some do not seem to apply to you.",,,Impulsive or acts without thinking,"0=Not true (as far as you know), 1=Somewhat or sometimes true, 2=Very true or often true",1,1,0,oo,2,,,Adult Self Report: Age 18-59
2831,qr19,"Following is a list of items that describe people. For each item, please pick the answer to describe yourself over the past 6 months. Please answer all items as well as you can, even if some do not seem to apply to you.","Following is a list of items that describe people. For each item, please pick the answer to describe yourself over the past 6 months. Please answer all items as well as you can, even if some do not seem to apply to you.",,,Would rather be alone than with others,"0=Not true (as far as you know), 1=Somewhat or sometimes true, 2=Very true or often true",1,1,0,oo,2,,,Adult Self Report: Age 18-59
2832,qr19,"Following is a list of items that describe people. For each item, please pick the answer to describe yourself over the past 6 months. Please answer all items as well as you can, even if some do not seem to apply to you.","Following is a list of items that describe people. For each item, please pick the answer to describe yourself over the past 6 months. Please answer all items as well as you can, even if some do not seem to apply to you.",,,Lying or cheating,"0=Not true (as far as you know), 1=Somewhat or sometimes true, 2=Very true or often true",1,1,0,oo,2,,,Adult Self Report: Age 18-59
2833,qr19,"Following is a list of items that describe people. For each item, please pick the answer to describe yourself over the past 6 months. Please answer all items as well as you can, even if some do not seem to apply to you.","Following is a list of items that describe people. For each item, please pick the answer to describe yourself over the past 6 months. Please answer all items as well as you can, even if some do not seem to apply to you.",,,feels overwhelmed by responsibilities,"0=Not true (as far as you know), 1=Somewhat or sometimes true, 2=Very true or often true",1,1,0,oo,2,,,Adult Self Report: Age 18-59
2834,qr19,"Following is a list of items that describe people. For each item, please pick the answer to describe yourself over the past 6 months. Please answer all items as well as you can, even if some do not seem to apply to you.","Following is a list of items that describe people. For each item, please pick the answer to describe yourself over the past 6 months. Please answer all items as well as you can, even if some do not seem to apply to you.",,,"Nervous, highstrung, or tense","0=Not true (as far as you know), 1=Somewhat or sometimes true, 2=Very true or often true",1,1,0,oo,2,,,Adult Self Report: Age 18-59
2835,qr19,"Following is a list of items that describe people. For each item, please pick the answer to describe yourself over the past 6 months. Please answer all items as well as you can, even if some do not seem to apply to you.","Following is a list of items that describe people. For each item, please pick the answer to describe yourself over the past 6 months. Please answer all items as well as you can, even if some do not seem to apply to you.",,,Nervous movements or twitching (describe):,"0=Not true (as far as you know), 1=Somewhat or sometimes true, 2=Very true or often true",1,1,0,oo,2,,,Adult Self Report: Age 18-59
2836,qr19,"Following is a list of items that describe people. For each item, please pick the answer to describe yourself over the past 6 months. Please answer all items as well as you can, even if some do not seem to apply to you.","Following is a list of items that describe people. For each item, please pick the answer to describe yourself over the past 6 months. Please answer all items as well as you can, even if some do not seem to apply to you.",,,Lacks self-confidence,"0=Not true (as far as you know), 1=Somewhat or sometimes true, 2=Very true or often true",1,1,0,oo,2,,,Adult Self Report: Age 18-59
2837,qr19,"Following is a list of items that describe people. For each item, please pick the answer to describe yourself over the past 6 months. Please answer all items as well as you can, even if some do not seem to apply to you.","Following is a list of items that describe people. For each item, please pick the answer to describe yourself over the past 6 months. Please answer all items as well as you can, even if some do not seem to apply to you.",,,Not liked by other kids,"0=Not true (as far as you know), 1=Somewhat or sometimes true, 2=Very true or often true",1,1,0,oo,2,,,Adult Self Report: Age 18-59
2838,qr19,"Following is a list of items that describe people. For each item, please pick the answer to describe yourself over the past 6 months. Please answer all items as well as you can, even if some do not seem to apply to you.","Following is a list of items that describe people. For each item, please pick the answer to describe yourself over the past 6 months. Please answer all items as well as you can, even if some do not seem to apply to you.",,,Can do certain things better than other people,"0=Not true (as far as you know), 1=Somewhat or sometimes true, 2=Very true or often true",1,1,0,oo,2,,,Adult Self Report: Age 18-59
2839,qr19,"Following is a list of items that describe people. For each item, please pick the answer to describe yourself over the past 6 months. Please answer all items as well as you can, even if some do not seem to apply to you.","Following is a list of items that describe people. For each item, please pick the answer to describe yourself over the past 6 months. Please answer all items as well as you can, even if some do not seem to apply to you.",,,Too fearful or anxious,"0=Not true (as far as you know), 1=Somewhat or sometimes true, 2=Very true or often true",1,1,0,oo,2,,,Adult Self Report: Age 18-59
2840,qr19,"Following is a list of items that describe people. For each item, please pick the answer to describe yourself over the past 6 months. Please answer all items as well as you can, even if some do not seem to apply to you.","Following is a list of items that describe people. For each item, please pick the answer to describe yourself over the past 6 months. Please answer all items as well as you can, even if some do not seem to apply to you.",,,Feels dizzy or lightheaded,"0=Not true (as far as you know), 1=Somewhat or sometimes true, 2=Very true or often true",1,1,0,oo,2,,,Adult Self Report: Age 18-59
2841,qr19,"Following is a list of items that describe people. For each item, please pick the answer to describe yourself over the past 6 months. Please answer all items as well as you can, even if some do not seem to apply to you.","Following is a list of items that describe people. For each item, please pick the answer to describe yourself over the past 6 months. Please answer all items as well as you can, even if some do not seem to apply to you.",,,Feels too guilty,"0=Not true (as far as you know), 1=Somewhat or sometimes true, 2=Very true or often true",1,1,0,oo,2,,,Adult Self Report: Age 18-59
2842,qr19,"Following is a list of items that describe people. For each item, please pick the answer to describe yourself over the past 6 months. Please answer all items as well as you can, even if some do not seem to apply to you.","Following is a list of items that describe people. For each item, please pick the answer to describe yourself over the past 6 months. Please answer all items as well as you can, even if some do not seem to apply to you.",,,Has trouble planning for the future,"0=Not true (as far as you know), 1=Somewhat or sometimes true, 2=Very true or often true",1,1,0,oo,2,,,Adult Self Report: Age 18-59
2843,qr19,"Following is a list of items that describe people. For each item, please pick the answer to describe yourself over the past 6 months. Please answer all items as well as you can, even if some do not seem to apply to you.","Following is a list of items that describe people. For each item, please pick the answer to describe yourself over the past 6 months. Please answer all items as well as you can, even if some do not seem to apply to you.",,,Feels tired without good reason,"0=Not true (as far as you know), 1=Somewhat or sometimes true, 2=Very true or often true",1,1,0,oo,2,,,Adult Self Report: Age 18-59
2844,qr19,"Following is a list of items that describe people. For each item, please pick the answer to describe yourself over the past 6 months. Please answer all items as well as you can, even if some do not seem to apply to you.","Following is a list of items that describe people. For each item, please pick the answer to describe yourself over the past 6 months. Please answer all items as well as you can, even if some do not seem to apply to you.",,,Moods swing between elation and depression,"0=Not true (as far as you know), 1=Somewhat or sometimes true, 2=Very true or often true",1,1,0,oo,2,,,Adult Self Report: Age 18-59
2845,qr19,"Following is a list of items that describe people. For each item, please pick the answer to describe yourself over the past 6 months. Please answer all items as well as you can, even if some do not seem to apply to you.","Following is a list of items that describe people. For each item, please pick the answer to describe yourself over the past 6 months. Please answer all items as well as you can, even if some do not seem to apply to you.",,,Physical problems without known medical cause,"0=Not true (as far as you know), 1=Somewhat or sometimes true, 2=Very true or often true",1,1,0,oo,2,,,Adult Self Report: Age 18-59
2846,qr19,"Following is a list of items that describe people. For each item, please pick the answer to describe yourself over the past 6 months. Please answer all items as well as you can, even if some do not seem to apply to you.","Following is a list of items that describe people. For each item, please pick the answer to describe yourself over the past 6 months. Please answer all items as well as you can, even if some do not seem to apply to you.",,,Aches or pains (not stomach or headaches),"0=Not true (as far as you know), 1=Somewhat or sometimes true, 2=Very true or often true",1,1,0,oo,2,,,Adult Self Report: Age 18-59
2847,qr19,"Following is a list of items that describe people. For each item, please pick the answer to describe yourself over the past 6 months. Please answer all items as well as you can, even if some do not seem to apply to you.","Following is a list of items that describe people. For each item, please pick the answer to describe yourself over the past 6 months. Please answer all items as well as you can, even if some do not seem to apply to you.",,,Headaches,"0=Not true (as far as you know), 1=Somewhat or sometimes true, 2=Very true or often true",1,1,0,oo,2,,,Adult Self Report: Age 18-59
2848,qr19,"Following is a list of items that describe people. For each item, please pick the answer to describe yourself over the past 6 months. Please answer all items as well as you can, even if some do not seem to apply to you.","Following is a list of items that describe people. For each item, please pick the answer to describe yourself over the past 6 months. Please answer all items as well as you can, even if some do not seem to apply to you.",,,"Nausea, feels sick","0=Not true (as far as you know), 1=Somewhat or sometimes true, 2=Very true or often true",1,1,0,oo,2,,,Adult Self Report: Age 18-59
2849,qr19,"Following is a list of items that describe people. For each item, please pick the answer to describe yourself over the past 6 months. Please answer all items as well as you can, even if some do not seem to apply to you.","Following is a list of items that describe people. For each item, please pick the answer to describe yourself over the past 6 months. Please answer all items as well as you can, even if some do not seem to apply to you.",,,Problems with eyes (not if corrected by glasses,"0=Not true (as far as you know), 1=Somewhat or sometimes true, 2=Very true or often true",1,1,0,oo,2,,,Adult Self Report: Age 18-59
2850,qr19,"Following is a list of items that describe people. For each item, please pick the answer to describe yourself over the past 6 months. Please answer all items as well as you can, even if some do not seem to apply to you.","Following is a list of items that describe people. For each item, please pick the answer to describe yourself over the past 6 months. Please answer all items as well as you can, even if some do not seem to apply to you.",,,Rashes or other skin problems,"0=Not true (as far as you know), 1=Somewhat or sometimes true, 2=Very true or often true",1,1,0,oo,2,,,Adult Self Report: Age 18-59
2851,qr19,"Following is a list of items that describe people. For each item, please pick the answer to describe yourself over the past 6 months. Please answer all items as well as you can, even if some do not seem to apply to you.","Following is a list of items that describe people. For each item, please pick the answer to describe yourself over the past 6 months. Please answer all items as well as you can, even if some do not seem to apply to you.",,,Stomachaches,"0=Not true (as far as you know), 1=Somewhat or sometimes true, 2=Very true or often true",1,1,0,oo,2,,,Adult Self Report: Age 18-59
2852,qr19,"Following is a list of items that describe people. For each item, please pick the answer to describe yourself over the past 6 months. Please answer all items as well as you can, even if some do not seem to apply to you.","Following is a list of items that describe people. For each item, please pick the answer to describe yourself over the past 6 months. Please answer all items as well as you can, even if some do not seem to apply to you.",,,"Vomiting, throwing up","0=Not true (as far as you know), 1=Somewhat or sometimes true, 2=Very true or often true",1,1,0,oo,2,,,Adult Self Report: Age 18-59
2853,qr19,"Following is a list of items that describe people. For each item, please pick the answer to describe yourself over the past 6 months. Please answer all items as well as you can, even if some do not seem to apply to you.","Following is a list of items that describe people. For each item, please pick the answer to describe yourself over the past 6 months. Please answer all items as well as you can, even if some do not seem to apply to you.",,,Other,"0=Not true (as far as you know), 1=Somewhat or sometimes true, 2=Very true or often true",1,1,0,oo,2,,,Adult Self Report: Age 18-59
2854,qr19,"Following is a list of items that describe people. For each item, please pick the answer to describe yourself over the past 6 months. Please answer all items as well as you can, even if some do not seem to apply to you.","Following is a list of items that describe people. For each item, please pick the answer to describe yourself over the past 6 months. Please answer all items as well as you can, even if some do not seem to apply to you.",,,Physically attacks people,"0=Not true (as far as you know), 1=Somewhat or sometimes true, 2=Very true or often true",1,1,0,oo,2,,,Adult Self Report: Age 18-59
2855,qr19,"Following is a list of items that describe people. For each item, please pick the answer to describe yourself over the past 6 months. Please answer all items as well as you can, even if some do not seem to apply to you.","Following is a list of items that describe people. For each item, please pick the answer to describe yourself over the past 6 months. Please answer all items as well as you can, even if some do not seem to apply to you.",,,"Picks nose, skin, or other parts of body (describe):","0=Not true (as far as you know), 1=Somewhat or sometimes true, 2=Very true or often true",1,1,0,oo,2,,,Adult Self Report: Age 18-59
2856,qr19,"Following is a list of items that describe people. For each item, please pick the answer to describe yourself over the past 6 months. Please answer all items as well as you can, even if some do not seem to apply to you.","Following is a list of items that describe people. For each item, please pick the answer to describe yourself over the past 6 months. Please answer all items as well as you can, even if some do not seem to apply to you.",,,Fails to finish things he/she should do,"0=Not true (as far as you know), 1=Somewhat or sometimes true, 2=Very true or often true",1,1,0,oo,2,,,Adult Self Report: Age 18-59
2857,qr19,"Following is a list of items that describe people. For each item, please pick the answer to describe yourself over the past 6 months. Please answer all items as well as you can, even if some do not seem to apply to you.","Following is a list of items that describe people. For each item, please pick the answer to describe yourself over the past 6 months. Please answer all items as well as you can, even if some do not seem to apply to you.",,,There is very little that he/she enjoys,"0=Not true (as far as you know), 1=Somewhat or sometimes true, 2=Very true or often true",1,1,0,oo,2,,,Adult Self Report: Age 18-59
2858,qr19,"Following is a list of items that describe people. For each item, please pick the answer to describe yourself over the past 6 months. Please answer all items as well as you can, even if some do not seem to apply to you.","Following is a list of items that describe people. For each item, please pick the answer to describe yourself over the past 6 months. Please answer all items as well as you can, even if some do not seem to apply to you.",,,Poor work performance,"0=Not true (as far as you know), 1=Somewhat or sometimes true, 2=Very true or often true",1,1,0,oo,2,,,Adult Self Report: Age 18-59
2859,qr19,"Following is a list of items that describe people. For each item, please pick the answer to describe yourself over the past 6 months. Please answer all items as well as you can, even if some do not seem to apply to you.","Following is a list of items that describe people. For each item, please pick the answer to describe yourself over the past 6 months. Please answer all items as well as you can, even if some do not seem to apply to you.",,,Poorly coordinated or clumsy,"0=Not true (as far as you know), 1=Somewhat or sometimes true, 2=Very true or often true",1,1,0,oo,2,,,Adult Self Report: Age 18-59
2860,qr19,"Following is a list of items that describe people. For each item, please pick the answer to describe yourself over the past 6 months. Please answer all items as well as you can, even if some do not seem to apply to you.","Following is a list of items that describe people. For each item, please pick the answer to describe yourself over the past 6 months. Please answer all items as well as you can, even if some do not seem to apply to you.",,,Would rather be with older people than with people of own age,"0=Not true (as far as you know), 1=Somewhat or sometimes true, 2=Very true or often true",1,1,0,oo,2,,,Adult Self Report: Age 18-59
2861,qr19,"Following is a list of items that describe people. For each item, please pick the answer to describe yourself over the past 6 months. Please answer all items as well as you can, even if some do not seem to apply to you.","Following is a list of items that describe people. For each item, please pick the answer to describe yourself over the past 6 months. Please answer all items as well as you can, even if some do not seem to apply to you.",,,Has trouble setting priorities,"0=Not true (as far as you know), 1=Somewhat or sometimes true, 2=Very true or often true",1,1,0,oo,2,,,Adult Self Report: Age 18-59
2862,qr19,"Following is a list of items that describe people. For each item, please pick the answer to describe yourself over the past 6 months. Please answer all items as well as you can, even if some do not seem to apply to you.","Following is a list of items that describe people. For each item, please pick the answer to describe yourself over the past 6 months. Please answer all items as well as you can, even if some do not seem to apply to you.",,,Refuses to talk,"0=Not true (as far as you know), 1=Somewhat or sometimes true, 2=Very true or often true",1,1,0,oo,2,,,Adult Self Report: Age 18-59
2863,qr19,"Following is a list of items that describe people. For each item, please pick the answer to describe yourself over the past 6 months. Please answer all items as well as you can, even if some do not seem to apply to you.","Following is a list of items that describe people. For each item, please pick the answer to describe yourself over the past 6 months. Please answer all items as well as you can, even if some do not seem to apply to you.",,,Repeats certain acts over and over; compulsions (describe):,"0=Not true (as far as you know), 1=Somewhat or sometimes true, 2=Very true or often true",1,1,0,oo,2,,,Adult Self Report: Age 18-59
2864,qr19,"Following is a list of items that describe people. For each item, please pick the answer to describe yourself over the past 6 months. Please answer all items as well as you can, even if some do not seem to apply to you.","Following is a list of items that describe people. For each item, please pick the answer to describe yourself over the past 6 months. Please answer all items as well as you can, even if some do not seem to apply to you.",,,Has trouble making or keeping friends,"0=Not true (as far as you know), 1=Somewhat or sometimes true, 2=Very true or often true",1,1,0,oo,2,,,Adult Self Report: Age 18-59
2865,qr19,"Following is a list of items that describe people. For each item, please pick the answer to describe yourself over the past 6 months. Please answer all items as well as you can, even if some do not seem to apply to you.","Following is a list of items that describe people. For each item, please pick the answer to describe yourself over the past 6 months. Please answer all items as well as you can, even if some do not seem to apply to you.",,,Screams a lot,"0=Not true (as far as you know), 1=Somewhat or sometimes true, 2=Very true or often true",1,1,0,oo,2,,,Adult Self Report: Age 18-59
2866,qr19,"Following is a list of items that describe people. For each item, please pick the answer to describe yourself over the past 6 months. Please answer all items as well as you can, even if some do not seem to apply to you.","Following is a list of items that describe people. For each item, please pick the answer to describe yourself over the past 6 months. Please answer all items as well as you can, even if some do not seem to apply to you.",,,"Secretive, keeps things to self","0=Not true (as far as you know), 1=Somewhat or sometimes true, 2=Very true or often true",1,1,0,oo,2,,,Adult Self Report: Age 18-59
2867,qr19,"Following is a list of items that describe people. For each item, please pick the answer to describe yourself over the past 6 months. Please answer all items as well as you can, even if some do not seem to apply to you.","Following is a list of items that describe people. For each item, please pick the answer to describe yourself over the past 6 months. Please answer all items as well as you can, even if some do not seem to apply to you.",,,Sees things that aren't there (describe):,"0=Not true (as far as you know), 1=Somewhat or sometimes true, 2=Very true or often true",1,1,0,oo,2,,,Adult Self Report: Age 18-59
2868,qr19,"Following is a list of items that describe people. For each item, please pick the answer to describe yourself over the past 6 months. Please answer all items as well as you can, even if some do not seem to apply to you.","Following is a list of items that describe people. For each item, please pick the answer to describe yourself over the past 6 months. Please answer all items as well as you can, even if some do not seem to apply to you.",,,Self-conscious or easily embarrassed,"0=Not true (as far as you know), 1=Somewhat or sometimes true, 2=Very true or often true",1,1,0,oo,2,,,Adult Self Report: Age 18-59
2869,qr19,"Following is a list of items that describe people. For each item, please pick the answer to describe yourself over the past 6 months. Please answer all items as well as you can, even if some do not seem to apply to you.","Following is a list of items that describe people. For each item, please pick the answer to describe yourself over the past 6 months. Please answer all items as well as you can, even if some do not seem to apply to you.",,,Worries about his/her family,"0=Not true (as far as you know), 1=Somewhat or sometimes true, 2=Very true or often true",1,1,0,0,oo,,,Adult Self Report: Age 18-59
2870,qr19,"Following is a list of items that describe people. For each item, please pick the answer to describe yourself over the past 6 months. Please answer all items as well as you can, even if some do not seem to apply to you.","Following is a list of items that describe people. For each item, please pick the answer to describe yourself over the past 6 months. Please answer all items as well as you can, even if some do not seem to apply to you.",,,Meets responsibilities to his/her families,"0=Not true (as far as you know), 1=Somewhat or sometimes true, 2=Very true or often true",1,1,0,0,oo,,,Adult Self Report: Age 18-59
2871,qr19,"Following is a list of items that describe people. For each item, please pick the answer to describe yourself over the past 6 months. Please answer all items as well as you can, even if some do not seem to apply to you.","Following is a list of items that describe people. For each item, please pick the answer to describe yourself over the past 6 months. Please answer all items as well as you can, even if some do not seem to apply to you.",,,Showing off or clowning,"0=Not true (as far as you know), 1=Somewhat or sometimes true, 2=Very true or often true",1,1,0,oo,2,,,Adult Self Report: Age 18-59
2872,qr19,"Following is a list of items that describe people. For each item, please pick the answer to describe yourself over the past 6 months. Please answer all items as well as you can, even if some do not seem to apply to you.","Following is a list of items that describe people. For each item, please pick the answer to describe yourself over the past 6 months. Please answer all items as well as you can, even if some do not seem to apply to you.",,,Too shy or timid,"0=Not true (as far as you know), 1=Somewhat or sometimes true, 2=Very true or often true",1,1,0,oo,2,,,Adult Self Report: Age 18-59
2873,qr19,"Following is a list of items that describe people. For each item, please pick the answer to describe yourself over the past 6 months. Please answer all items as well as you can, even if some do not seem to apply to you.","Following is a list of items that describe people. For each item, please pick the answer to describe yourself over the past 6 months. Please answer all items as well as you can, even if some do not seem to apply to you.",,,Irresponsible behavior,"0=Not true (as far as you know), 1=Somewhat or sometimes true, 2=Very true or often true",1,1,0,oo,2,,,Adult Self Report: Age 18-59
2874,qr19,"Following is a list of items that describe people. For each item, please pick the answer to describe yourself over the past 6 months. Please answer all items as well as you can, even if some do not seem to apply to you.","Following is a list of items that describe people. For each item, please pick the answer to describe yourself over the past 6 months. Please answer all items as well as you can, even if some do not seem to apply to you.",,,Sleeps more than most people during day and/or night (describe),"0=Not true (as far as you know), 1=Somewhat or sometimes true, 2=Very true or often true",1,1,0,oo,2,,,Adult Self Report: Age 18-59
2875,qr19,"Following is a list of items that describe people. For each item, please pick the answer to describe yourself over the past 6 months. Please answer all items as well as you can, even if some do not seem to apply to you.","Following is a list of items that describe people. For each item, please pick the answer to describe yourself over the past 6 months. Please answer all items as well as you can, even if some do not seem to apply to you.",,,Has trouble making decisions,"0=Not true (as far as you know), 1=Somewhat or sometimes true, 2=Very true or often true",1,1,0,oo,2,,,Adult Self Report: Age 18-59
2876,qr19,"Following is a list of items that describe people. For each item, please pick the answer to describe yourself over the past 6 months. Please answer all items as well as you can, even if some do not seem to apply to you.","Following is a list of items that describe people. For each item, please pick the answer to describe yourself over the past 6 months. Please answer all items as well as you can, even if some do not seem to apply to you.",,,Speech problem (describe),"0=Not true (as far as you know), 1=Somewhat or sometimes true, 2=Very true or often true",1,1,0,oo,2,,,Adult Self Report: Age 18-59
2877,qr19,"Following is a list of items that describe people. For each item, please pick the answer to describe yourself over the past 6 months. Please answer all items as well as you can, even if some do not seem to apply to you.","Following is a list of items that describe people. For each item, please pick the answer to describe yourself over the past 6 months. Please answer all items as well as you can, even if some do not seem to apply to you.",,,Stares blankly,"0=Not true (as far as you know), 1=Somewhat or sometimes true, 2=Very true or often true",1,1,0,oo,2,,,Adult Self Report: Age 18-59
2878,qr19,"Following is a list of items that describe people. For each item, please pick the answer to describe yourself over the past 6 months. Please answer all items as well as you can, even if some do not seem to apply to you.","Following is a list of items that describe people. For each item, please pick the answer to describe yourself over the past 6 months. Please answer all items as well as you can, even if some do not seem to apply to you.",,,Very changeable behavior,"0=Not true (as far as you know), 1=Somewhat or sometimes true, 2=Very true or often true",1,1,0,oo,2,,,Adult Self Report: Age 18-59
2879,qr19,"Following is a list of items that describe people. For each item, please pick the answer to describe yourself over the past 6 months. Please answer all items as well as you can, even if some do not seem to apply to you.","Following is a list of items that describe people. For each item, please pick the answer to describe yourself over the past 6 months. Please answer all items as well as you can, even if some do not seem to apply to you.",,,Steals,"0=Not true (as far as you know), 1=Somewhat or sometimes true, 2=Very true or often true",1,1,0,oo,2,,,Adult Self Report: Age 18-59
2880,qr19,"Following is a list of items that describe people. For each item, please pick the answer to describe yourself over the past 6 months. Please answer all items as well as you can, even if some do not seem to apply to you.","Following is a list of items that describe people. For each item, please pick the answer to describe yourself over the past 6 months. Please answer all items as well as you can, even if some do not seem to apply to you.",,,Is easily bored,"0=Not true (as far as you know), 1=Somewhat or sometimes true, 2=Very true or often true",1,1,0,oo,2,,,Adult Self Report: Age 18-59
2881,qr19,"Following is a list of items that describe people. For each item, please pick the answer to describe yourself over the past 6 months. Please answer all items as well as you can, even if some do not seem to apply to you.","Following is a list of items that describe people. For each item, please pick the answer to describe yourself over the past 6 months. Please answer all items as well as you can, even if some do not seem to apply to you.",,,Strange behavior (describe):,"0=Not true (as far as you know), 1=Somewhat or sometimes true, 2=Very true or often true",1,1,0,oo,2,,,Adult Self Report: Age 18-59
2882,qr19,"Following is a list of items that describe people. For each item, please pick the answer to describe yourself over the past 6 months. Please answer all items as well as you can, even if some do not seem to apply to you.","Following is a list of items that describe people. For each item, please pick the answer to describe yourself over the past 6 months. Please answer all items as well as you can, even if some do not seem to apply to you.",,,Strange ideas (describe):,"0=Not true (as far as you know), 1=Somewhat or sometimes true, 2=Very true or often true",1,1,0,oo,2,,,Adult Self Report: Age 18-59
2883,qr19,"Following is a list of items that describe people. For each item, please pick the answer to describe yourself over the past 6 months. Please answer all items as well as you can, even if some do not seem to apply to you.","Following is a list of items that describe people. For each item, please pick the answer to describe yourself over the past 6 months. Please answer all items as well as you can, even if some do not seem to apply to you.",,,"Stubborn, sullen, or irritable","0=Not true (as far as you know), 1=Somewhat or sometimes true, 2=Very true or often true",1,1,0,oo,2,,,Adult Self Report: Age 18-59
2884,qr19,"Following is a list of items that describe people. For each item, please pick the answer to describe yourself over the past 6 months. Please answer all items as well as you can, even if some do not seem to apply to you.","Following is a list of items that describe people. For each item, please pick the answer to describe yourself over the past 6 months. Please answer all items as well as you can, even if some do not seem to apply to you.",,,Sudden changes in mood or feelings,"0=Not true (as far as you know), 1=Somewhat or sometimes true, 2=Very true or often true",1,1,0,oo,2,,,Adult Self Report: Age 18-59
2885,qr19,"Following is a list of items that describe people. For each item, please pick the answer to describe yourself over the past 6 months. Please answer all items as well as you can, even if some do not seem to apply to you.","Following is a list of items that describe people. For each item, please pick the answer to describe yourself over the past 6 months. Please answer all items as well as you can, even if some do not seem to apply to you.",,,Enjoys being with people,"0=Not true (as far as you know), 1=Somewhat or sometimes true, 2=Very true or often true",1,1,0,0,oo,,,Adult Self Report: Age 18-59
2886,qr19,"Following is a list of items that describe people. For each item, please pick the answer to describe yourself over the past 6 months. Please answer all items as well as you can, even if some do not seem to apply to you.","Following is a list of items that describe people. For each item, please pick the answer to describe yourself over the past 6 months. Please answer all items as well as you can, even if some do not seem to apply to you.",,,Rushes into things without considering the risks,"0=Not true (as far as you know), 1=Somewhat or sometimes true, 2=Very true or often true",1,1,0,oo,2,,,Adult Self Report: Age 18-59
2887,qr19,"Following is a list of items that describe people. For each item, please pick the answer to describe yourself over the past 6 months. Please answer all items as well as you can, even if some do not seem to apply to you.","Following is a list of items that describe people. For each item, please pick the answer to describe yourself over the past 6 months. Please answer all items as well as you can, even if some do not seem to apply to you.",,,Drinks too much alcohol or gets drunk,"0=Not true (as far as you know), 1=Somewhat or sometimes true, 2=Very true or often true",1,1,0,oo,2,,,Adult Self Report: Age 18-59
2888,qr19,"Following is a list of items that describe people. For each item, please pick the answer to describe yourself over the past 6 months. Please answer all items as well as you can, even if some do not seem to apply to you.","Following is a list of items that describe people. For each item, please pick the answer to describe yourself over the past 6 months. Please answer all items as well as you can, even if some do not seem to apply to you.",,,Talks about killing self,"0=Not true (as far as you know), 1=Somewhat or sometimes true, 2=Very true or often true",1,1,0,oo,2,,,Adult Self Report: Age 18-59
2889,qr19,"Following is a list of items that describe people. For each item, please pick the answer to describe yourself over the past 6 months. Please answer all items as well as you can, even if some do not seem to apply to you.","Following is a list of items that describe people. For each item, please pick the answer to describe yourself over the past 6 months. Please answer all items as well as you can, even if some do not seem to apply to you.",,,Does things that may cause trouble with the law (describe):,"0=Not true (as far as you know), 1=Somewhat or sometimes true, 2=Very true or often true",1,1,0,oo,2,,,Adult Self Report: Age 18-59
2890,qr19,"Following is a list of items that describe people. For each item, please pick the answer to describe yourself over the past 6 months. Please answer all items as well as you can, even if some do not seem to apply to you.","Following is a list of items that describe people. For each item, please pick the answer to describe yourself over the past 6 months. Please answer all items as well as you can, even if some do not seem to apply to you.",,,Talks too much,"0=Not true (as far as you know), 1=Somewhat or sometimes true, 2=Very true or often true",1,1,0,oo,2,,,Adult Self Report: Age 18-59
2891,qr19,"Following is a list of items that describe people. For each item, please pick the answer to describe yourself over the past 6 months. Please answer all items as well as you can, even if some do not seem to apply to you.","Following is a list of items that describe people. For each item, please pick the answer to describe yourself over the past 6 months. Please answer all items as well as you can, even if some do not seem to apply to you.",,,Teases a lot,"0=Not true (as far as you know), 1=Somewhat or sometimes true, 2=Very true or often true",1,1,0,oo,2,,,Adult Self Report: Age 18-59
2892,qr19,"Following is a list of items that describe people. For each item, please pick the answer to describe yourself over the past 6 months. Please answer all items as well as you can, even if some do not seem to apply to you.","Following is a list of items that describe people. For each item, please pick the answer to describe yourself over the past 6 months. Please answer all items as well as you can, even if some do not seem to apply to you.",,,Temper tantrums or hot temper,"0=Not true (as far as you know), 1=Somewhat or sometimes true, 2=Very true or often true",1,1,0,oo,2,,,Adult Self Report: Age 18-59
2893,qr19,"Following is a list of items that describe people. For each item, please pick the answer to describe yourself over the past 6 months. Please answer all items as well as you can, even if some do not seem to apply to you.","Following is a list of items that describe people. For each item, please pick the answer to describe yourself over the past 6 months. Please answer all items as well as you can, even if some do not seem to apply to you.",,,Passive or lacks initiative,"0=Not true (as far as you know), 1=Somewhat or sometimes true, 2=Very true or often true",1,1,0,oo,2,,,Adult Self Report: Age 18-59
2894,qr19,"Following is a list of items that describe people. For each item, please pick the answer to describe yourself over the past 6 months. Please answer all items as well as you can, even if some do not seem to apply to you.","Following is a list of items that describe people. For each item, please pick the answer to describe yourself over the past 6 months. Please answer all items as well as you can, even if some do not seem to apply to you.",,,Threatens to hurt people,"0=Not true (as far as you know), 1=Somewhat or sometimes true, 2=Very true or often true",1,1,0,oo,2,,,Adult Self Report: Age 18-59
2895,qr19,"Following is a list of items that describe people. For each item, please pick the answer to describe yourself over the past 6 months. Please answer all items as well as you can, even if some do not seem to apply to you.","Following is a list of items that describe people. For each item, please pick the answer to describe yourself over the past 6 months. Please answer all items as well as you can, even if some do not seem to apply to you.",,,Likes to help others,"0=Not true (as far as you know), 1=Somewhat or sometimes true, 2=Very true or often true",1,1,0,0,oo,,,Adult Self Report: Age 18-59
2896,qr19,"Following is a list of items that describe people. For each item, please pick the answer to describe yourself over the past 6 months. Please answer all items as well as you can, even if some do not seem to apply to you.","Following is a list of items that describe people. For each item, please pick the answer to describe yourself over the past 6 months. Please answer all items as well as you can, even if some do not seem to apply to you.",,,Dislikes staying in one place for very long,"0=Not true (as far as you know), 1=Somewhat or sometimes true, 2=Very true or often true",1,1,0,oo,2,,,Adult Self Report: Age 18-59
2897,qr19,"Following is a list of items that describe people. For each item, please pick the answer to describe yourself over the past 6 months. Please answer all items as well as you can, even if some do not seem to apply to you.","Following is a list of items that describe people. For each item, please pick the answer to describe yourself over the past 6 months. Please answer all items as well as you can, even if some do not seem to apply to you.",,,Has trouble sleeping,"0=Not true (as far as you know), 1=Somewhat or sometimes true, 2=Very true or often true",1,1,0,oo,2,,,Adult Self Report: Age 18-59
2898,qr19,"Following is a list of items that describe people. For each item, please pick the answer to describe yourself over the past 6 months. Please answer all items as well as you can, even if some do not seem to apply to you.","Following is a list of items that describe people. For each item, please pick the answer to describe yourself over the past 6 months. Please answer all items as well as you can, even if some do not seem to apply to you.",,,Stays away from job even when not sick and not on vacation,"0=Not true (as far as you know), 1=Somewhat or sometimes true, 2=Very true or often true",1,1,0,oo,2,,,Adult Self Report: Age 18-59
2899,qr19,"Following is a list of items that describe people. For each item, please pick the answer to describe yourself over the past 6 months. Please answer all items as well as you can, even if some do not seem to apply to you.","Following is a list of items that describe people. For each item, please pick the answer to describe yourself over the past 6 months. Please answer all items as well as you can, even if some do not seem to apply to you.",,,"Underactive, slow moving, or lacks energy","0=Not true (as far as you know), 1=Somewhat or sometimes true, 2=Very true or often true",1,1,0,oo,2,,,Adult Self Report: Age 18-59
2900,qr19,"Following is a list of items that describe people. For each item, please pick the answer to describe yourself over the past 6 months. Please answer all items as well as you can, even if some do not seem to apply to you.","Following is a list of items that describe people. For each item, please pick the answer to describe yourself over the past 6 months. Please answer all items as well as you can, even if some do not seem to apply to you.",,,"Unhappy, sad, or depressed","0=Not true (as far as you know), 1=Somewhat or sometimes true, 2=Very true or often true",1,1,0,oo,2,,,Adult Self Report: Age 18-59
2901,qr19,"Following is a list of items that describe people. For each item, please pick the answer to describe yourself over the past 6 months. Please answer all items as well as you can, even if some do not seem to apply to you.","Following is a list of items that describe people. For each item, please pick the answer to describe yourself over the past 6 months. Please answer all items as well as you can, even if some do not seem to apply to you.",,,Is unusually loud,"0=Not true (as far as you know), 1=Somewhat or sometimes true, 2=Very true or often true",1,1,0,oo,2,,,Adult Self Report: Age 18-59
2902,qr19,"Following is a list of items that describe people. For each item, please pick the answer to describe yourself over the past 6 months. Please answer all items as well as you can, even if some do not seem to apply to you.","Following is a list of items that describe people. For each item, please pick the answer to describe yourself over the past 6 months. Please answer all items as well as you can, even if some do not seem to apply to you.",,,Is disorganized,"0=Not true (as far as you know), 1=Somewhat or sometimes true, 2=Very true or often true",1,1,0,oo,2,,,Adult Self Report: Age 18-59
2903,qr19,"Following is a list of items that describe people. For each item, please pick the answer to describe yourself over the past 6 months. Please answer all items as well as you can, even if some do not seem to apply to you.","Following is a list of items that describe people. For each item, please pick the answer to describe yourself over the past 6 months. Please answer all items as well as you can, even if some do not seem to apply to you.",,,Tries to be fair to others,"0=Not true (as far as you know), 1=Somewhat or sometimes true, 2=Very true or often true",1,1,0,oo,2,,,Adult Self Report: Age 18-59
2904,qr19,"Following is a list of items that describe people. For each item, please pick the answer to describe yourself over the past 6 months. Please answer all items as well as you can, even if some do not seem to apply to you.","Following is a list of items that describe people. For each item, please pick the answer to describe yourself over the past 6 months. Please answer all items as well as you can, even if some do not seem to apply to you.",,,Feels he/she can't succeed,"0=Not true (as far as you know), 1=Somewhat or sometimes true, 2=Very true or often true",1,1,0,oo,2,,,Adult Self Report: Age 18-59
2905,qr19,"Following is a list of items that describe people. For each item, please pick the answer to describe yourself over the past 6 months. Please answer all items as well as you can, even if some do not seem to apply to you.","Following is a list of items that describe people. For each item, please pick the answer to describe yourself over the past 6 months. Please answer all items as well as you can, even if some do not seem to apply to you.",,,Tends to lose things,"0=Not true (as far as you know), 1=Somewhat or sometimes true, 2=Very true or often true",1,1,0,oo,2,,,Adult Self Report: Age 18-59
2906,qr19,"Following is a list of items that describe people. For each item, please pick the answer to describe yourself over the past 6 months. Please answer all items as well as you can, even if some do not seem to apply to you.","Following is a list of items that describe people. For each item, please pick the answer to describe yourself over the past 6 months. Please answer all items as well as you can, even if some do not seem to apply to you.",,,Likes to try new things,"0=Not true (as far as you know), 1=Somewhat or sometimes true, 2=Very true or often true",1,1,0,0,oo,,,Adult Self Report: Age 18-59
2907,qr19,"Following is a list of items that describe people. For each item, please pick the answer to describe yourself over the past 6 months. Please answer all items as well as you can, even if some do not seem to apply to you.","Following is a list of items that describe people. For each item, please pick the answer to describe yourself over the past 6 months. Please answer all items as well as you can, even if some do not seem to apply to you.",,,Makes good decisions,"0=Not true (as far as you know), 1=Somewhat or sometimes true, 2=Very true or often true",1,1,0,0,oo,,,Adult Self Report: Age 18-59
2908,qr19,"Following is a list of items that describe people. For each item, please pick the answer to describe yourself over the past 6 months. Please answer all items as well as you can, even if some do not seem to apply to you.","Following is a list of items that describe people. For each item, please pick the answer to describe yourself over the past 6 months. Please answer all items as well as you can, even if some do not seem to apply to you.",,,"Withdrawn, doesn't get inolved with others","0=Not true (as far as you know), 1=Somewhat or sometimes true, 2=Very true or often true",1,1,0,oo,2,,,Adult Self Report: Age 18-59
2909,qr19,"Following is a list of items that describe people. For each item, please pick the answer to describe yourself over the past 6 months. Please answer all items as well as you can, even if some do not seem to apply to you.","Following is a list of items that describe people. For each item, please pick the answer to describe yourself over the past 6 months. Please answer all items as well as you can, even if some do not seem to apply to you.",,,Worries,"0=Not true (as far as you know), 1=Somewhat or sometimes true, 2=Very true or often true",1,1,0,oo,2,,,Adult Self Report: Age 18-59
2910,qr19,"Following is a list of items that describe people. For each item, please pick the answer to describe yourself over the past 6 months. Please answer all items as well as you can, even if some do not seem to apply to you.","Following is a list of items that describe people. For each item, please pick the answer to describe yourself over the past 6 months. Please answer all items as well as you can, even if some do not seem to apply to you.",,,Sulks a lot,"0=Not true (as far as you know), 1=Somewhat or sometimes true, 2=Very true or often true",1,1,0,oo,2,,,Adult Self Report: Age 18-59
2911,qr19,"Following is a list of items that describe people. For each item, please pick the answer to describe yourself over the past 6 months. Please answer all items as well as you can, even if some do not seem to apply to you.","Following is a list of items that describe people. For each item, please pick the answer to describe yourself over the past 6 months. Please answer all items as well as you can, even if some do not seem to apply to you.",,,Fails to pay his/her debts or meet other financial responsibilities,"0=Not true (as far as you know), 1=Somewhat or sometimes true, 2=Very true or often true",1,1,0,oo,2,,,Adult Self Report: Age 18-59
2912,qr19,"Following is a list of items that describe people. For each item, please pick the answer to describe yourself over the past 6 months. Please answer all items as well as you can, even if some do not seem to apply to you.","Following is a list of items that describe people. For each item, please pick the answer to describe yourself over the past 6 months. Please answer all items as well as you can, even if some do not seem to apply to you.",,,Is restless or fidgety,"0=Not true (as far as you know), 1=Somewhat or sometimes true, 2=Very true or often true",1,1,0,oo,2,,,Adult Self Report: Age 18-59
2913,qr19,"Following is a list of items that describe people. For each item, please pick the answer to describe yourself over the past 6 months. Please answer all items as well as you can, even if some do not seem to apply to you.","Following is a list of items that describe people. For each item, please pick the answer to describe yourself over the past 6 months. Please answer all items as well as you can, even if some do not seem to apply to you.",,,Gets upset too easily,"0=Not true (as far as you know), 1=Somewhat or sometimes true, 2=Very true or often true",1,1,0,oo,2,,,Adult Self Report: Age 18-59
2914,qr19,"Following is a list of items that describe people. For each item, please pick the answer to describe yourself over the past 6 months. Please answer all items as well as you can, even if some do not seem to apply to you.","Following is a list of items that describe people. For each item, please pick the answer to describe yourself over the past 6 months. Please answer all items as well as you can, even if some do not seem to apply to you.",,,Has trouble managing money or credit cards,"0=Not true (as far as you know), 1=Somewhat or sometimes true, 2=Very true or often true",1,1,0,oo,2,,,Adult Self Report: Age 18-59
2915,qr19,"Following is a list of items that describe people. For each item, please pick the answer to describe yourself over the past 6 months. Please answer all items as well as you can, even if some do not seem to apply to you.","Following is a list of items that describe people. For each item, please pick the answer to describe yourself over the past 6 months. Please answer all items as well as you can, even if some do not seem to apply to you.",,,Is too impatient,"0=Not true (as far as you know), 1=Somewhat or sometimes true, 2=Very true or often true",1,1,0,oo,2,,,Adult Self Report: Age 18-59
2916,qr19,"Following is a list of items that describe people. For each item, please pick the answer to describe yourself over the past 6 months. Please answer all items as well as you can, even if some do not seem to apply to you.","Following is a list of items that describe people. For each item, please pick the answer to describe yourself over the past 6 months. Please answer all items as well as you can, even if some do not seem to apply to you.",,,He/she is not good at details,"0=Not true (as far as you know), 1=Somewhat or sometimes true, 2=Very true or often true",1,1,0,oo,2,,,Adult Self Report: Age 18-59
2917,qr19,"Following is a list of items that describe people. For each item, please pick the answer to describe yourself over the past 6 months. Please answer all items as well as you can, even if some do not seem to apply to you.","Following is a list of items that describe people. For each item, please pick the answer to describe yourself over the past 6 months. Please answer all items as well as you can, even if some do not seem to apply to you.",,,Drives too fast,"0=Not true (as far as you know), 1=Somewhat or sometimes true, 2=Very true or often true",1,1,0,oo,2,,,Adult Self Report: Age 18-59
2918,qr19,"Following is a list of items that describe people. For each item, please pick the answer to describe yourself over the past 6 months. Please answer all items as well as you can, even if some do not seem to apply to you.","Following is a list of items that describe people. For each item, please pick the answer to describe yourself over the past 6 months. Please answer all items as well as you can, even if some do not seem to apply to you.",,,Tends to be late for appointments,"0=Not true (as far as you know), 1=Somewhat or sometimes true, 2=Very true or often true",1,1,0,oo,2,,,Adult Self Report: Age 18-59
2919,qr19,"Following is a list of items that describe people. For each item, please pick the answer to describe yourself over the past 6 months. Please answer all items as well as you can, even if some do not seem to apply to you.","Following is a list of items that describe people. For each item, please pick the answer to describe yourself over the past 6 months. Please answer all items as well as you can, even if some do not seem to apply to you.",,,Has trouble keeping a job,"0=Not true (as far as you know), 1=Somewhat or sometimes true, 2=Very true or often true",1,1,0,oo,2,,,Adult Self Report: Age 18-59
2920,qr19,"Following is a list of items that describe people. For each item, please pick the answer to describe yourself over the past 6 months. Please answer all items as well as you can, even if some do not seem to apply to you.","Following is a list of items that describe people. For each item, please pick the answer to describe yourself over the past 6 months. Please answer all items as well as you can, even if some do not seem to apply to you.",,,He/she is a happy person,"0=Not true (as far as you know), 1=Somewhat or sometimes true, 2=Very true or often true",1,1,0,0,oo,,,Adult Self Report: Age 18-59
2921,qr19,"Following is a list of items that describe people. For each item, please pick the answer to describe yourself over the past 6 months. Please answer all items as well as you can, even if some do not seem to apply to you.","Following is a list of items that describe people. For each item, please pick the answer to describe yourself over the past 6 months. Please answer all items as well as you can, even if some do not seem to apply to you.",,,"In the past 6 months, about how many times per day did he/she use tobacco (including smokeless tobacco)?","0=Not true (as far as you know), 1=Somewhat or sometimes true, 2=Very true or often true",4,1,0,oo,2,,,Adult Self Report: Age 18-59
2922,qr19,"Following is a list of items that describe people. For each item, please pick the answer to describe yourself over the past 6 months. Please answer all items as well as you can, even if some do not seem to apply to you.","Following is a list of items that describe people. For each item, please pick the answer to describe yourself over the past 6 months. Please answer all items as well as you can, even if some do not seem to apply to you.",,,"In the past 6 months, on how many days was he/she drunk?","0=Not true (as far as you know), 1=Somewhat or sometimes true, 2=Very true or often true",4,1,0,oo,2,,,Adult Self Report: Age 18-59
2923,qr19,"Following is a list of items that describe people. For each item, please pick the answer to describe yourself over the past 6 months. Please answer all items as well as you can, even if some do not seem to apply to you.","Following is a list of items that describe people. For each item, please pick the answer to describe yourself over the past 6 months. Please answer all items as well as you can, even if some do not seem to apply to you.",,,"In the past 6 months, on how many days did he/she use drugs for nonmedical purposes (including marijuana, cocaine, and other drugs, except alcohol and nicotine)?","0=Not true (as far as you know), 1=Somewhat or sometimes true, 2=Very true or often true",4,1,0,oo,2,,,Adult Self Report: Age 18-59